{"cameraMode":{"drawMode":0,"name":"Shaded","section":"Shading Mode"},"sceneLighting":false,"audioPlay":false,"sceneViewState":{"showFog":true,"showMaterialUpdate":false,"showSkybox":false,"showFlares":true,"showImageEffects":true,"showParticleSystems":true,"showVisualEffectGraphs":true,"m_FxEnabled":true},"in2DMode":false,"pivot":{"x":-3.7381649017333986,"y":3.4536499977111818,"z":-2.9606244564056398},"rotation":{"x":-0.05129022151231766,"y":-0.8229238390922546,"z":0.07525919377803803,"w":-0.5608126521110535},"size":0.18371184170246125,"orthographic":false}