{"cameraMode":{"drawMode":0,"name":"Shaded","section":"Shading Mode"},"sceneLighting":false,"audioPlay":false,"sceneViewState":{"showFog":true,"showMaterialUpdate":false,"showSkybox":false,"showFlares":true,"showImageEffects":true,"showParticleSystems":true,"showVisualEffectGraphs":true,"m_FxEnabled":true},"in2DMode":false,"pivot":{"x":-0.03848099708557129,"y":3.8983330726623537,"z":-2.9630045890808107},"rotation":{"x":-0.26826024055480959,"y":-0.27517086267471316,"z":0.08027131110429764,"w":-0.9197108149528503},"size":5.4670209884643559,"orthographic":false}