{"cameraMode":{"drawMode":0,"name":"Shaded","section":"Shading Mode"},"sceneLighting":true,"audioPlay":false,"sceneViewState":{"showFog":true,"showMaterialUpdate":false,"showSkybox":true,"showFlares":true,"showImageEffects":true,"showParticleSystems":true,"showVisualEffectGraphs":true,"m_FxEnabled":true},"in2DMode":false,"pivot":{"x":15.530294418334961,"y":4.88778829574585,"z":-18.49201011657715},"rotation":{"x":0.04049931466579437,"y":-0.0026704708579927685,"z":0.00040226615965366364,"w":0.9992432594299316},"size":3.396350145339966,"orthographic":false}