{"cameraMode":{"drawMode":0,"name":"Shaded","section":"Shading Mode"},"sceneLighting":true,"audioPlay":false,"sceneViewState":{"showFog":true,"showMaterialUpdate":false,"showSkybox":true,"showFlares":true,"showImageEffects":true,"showParticleSystems":true,"showVisualEffectGraphs":true,"m_FxEnabled":true},"in2DMode":false,"pivot":{"x":22.446876525878908,"y":5.630796432495117,"z":-54.99736785888672},"rotation":{"x":0.026712553575634958,"y":-0.5426145195960999,"z":0.017255472019314767,"w":0.8393779397010803},"size":8.959863662719727,"orthographic":false}