{"cameraMode":{"drawMode":0,"name":"Shaded","section":"Shading Mode"},"sceneLighting":false,"audioPlay":false,"sceneViewState":{"showFog":true,"showMaterialUpdate":false,"showSkybox":false,"showFlares":true,"showImageEffects":true,"showParticleSystems":true,"showVisualEffectGraphs":true,"m_FxEnabled":true},"in2DMode":false,"pivot":{"x":-0.004952102899551392,"y":0.3142317533493042,"z":-0.006941884756088257},"rotation":{"x":-0.25439003109931948,"y":0.6013129949569702,"z":-0.21021322906017304,"w":-0.7276814579963684},"size":3.586296558380127,"orthographic":false}