{"cameraMode":{"drawMode":0,"name":"Shaded","section":"Shading Mode"},"sceneLighting":true,"audioPlay":false,"sceneViewState":{"showFog":true,"showMaterialUpdate":false,"showSkybox":true,"showFlares":true,"showImageEffects":true,"showParticleSystems":true,"showVisualEffectGraphs":true,"m_FxEnabled":true},"in2DMode":false,"pivot":{"x":0.32535824179649355,"y":1.799155592918396,"z":7.362030029296875},"rotation":{"x":0.0008835955522954464,"y":-0.9980164766311646,"z":0.06146487221121788,"w":0.014362914487719536},"size":0.8660253882408142,"orthographic":false}